Código Departamento,Código Municipio,Nombre Departamento,Nombre Municipio
05,05002,Antioquia,Abejorral
41,41006,Huila,Acevedo
41,41013,Huila,Agrado
76,76243,Valle del Cauca,El Águila
20,20011,Cesar,Aguachica
68,68013,Santander,Aguada
17,17013,Caldas,Aguadas
85,85010,Casanare,Aguazul
15,15720,Boyacá,Sativanorte
41,41016,Huila,Aipe
44,44035,La Guajira,Albania
68,68020,Santander,Albania
47,47030,Magdalena,Algarrobo
41,41020,Huila,Algeciras
19,19022,Cauca,Almaguer
73,73024,Tolima,Alpujarra
41,41026,Huila,Altamira
05,05665,Antioquia,San Pedro de Urabá
52,52788,Nariño,Tangua
73,73026,Tolima,Alvarado
05,05031,Antioquia,Amalfi
73,73030,Tolima,Ambalema
25,25035,Cundinamarca,Anapoima
05,05034,Antioquia,Andes
05,05038,Antioquia,Angostura
25,25040,Cundinamarca,Anolaima
17,17042,Caldas,Anserma
76,76041,Valle del Cauca,Ansermanuevo
25,25599,Cundinamarca,Apulo
47,47053,Magdalena,Aracataca
17,17050,Caldas,Aranzazu
68,68051,Santander,Aratoca
81,81001,Arauca,Arauca
81,81065,Arauca,Arauquita
54,54051,Norte de Santander,Arboledas
05,05051,Antioquia,Arboletes
05,05055,Antioquia,Argelia
19,19050,Cauca,Argelia
76,76054,Valle del Cauca,Argelia
05,05059,Antioquia,Armenia
63,63001,Quindio,Armenia
52,52435,Nariño,Mallama
20,20032,Cesar,Astrea
73,73067,Tolima,Ataco
27,27787,Chocó,Tadó
15,15755,Boyacá,Socotá
19,19075,Cauca,Balboa
66,66075,Risaralda,Balboa
41,41078,Huila,Baraya
15,15690,Boyacá,Santa María
18,18479,Caquetá,Morelia
18,18256,Caquetá,El Paujíl
15,15097,Boyacá,Boavita
15,15104,Boyacá,Boyacá
15,15762,Boyacá,Sora
15,15776,Boyacá,Sutamarchán
47,47720,Magdalena,Santa Bárbara de Pinto
13,13655,Bolívar,San Jacinto del Cauca
15,15296,Boyacá,Gámeza
27,27745,Chocó,Sipí
17,17873,Caldas,Villamaría
05,05658,Antioquia,San José la Montaña
18,18756,Caquetá,Solano
05,05647,Antioquia,San Andrés de Cuerquía
20,20443,Cesar,Manaure Balcón del Cesar
17,17088,Caldas,Belalcázar
52,52215,Nariño,Córdoba
18,18029,Caquetá,Albania
70,70670,Sucre,Sampués
47,47268,Magdalena,El Retén
23,23682,Córdoba,San José de Uré
19,19418,Cauca,López de Micay
54,54810,Norte de Santander,Tibú
15,15514,Boyacá,Páez
13,13430,Bolívar,Magangué
68,68229,Santander,Curití
99,99624,Vichada,Santa Rosalía
97,97666,Vaupés,Taraira
47,47288,Magdalena,Fundación
54,54174,Norte de Santander,Chitagá
05,05079,Antioquia,Barbosa
68,68077,Santander,Barbosa
68,68079,Santander,Barichara
73,73001,Tolima,Ibagué
68,68081,Santander,Barrancabermeja
44,44078,La Guajira,Barrancas
23,23300,Córdoba,Cotorra
08,08758,Atlántico,Soledad
20,20045,Cesar,Becerril
05,05172,Antioquia,Chigorodó
15,15814,Boyacá,Toca
05,05088,Antioquia,Bello
05,05086,Antioquia,Belmira
05,05091,Antioquia,Betania
05,05093,Antioquia,Betulia
68,68092,Santander,Betulia
25,25095,Cundinamarca,Bituima
54,54099,Norte de Santander,Bochalema
85,85315,Casanare,Sácama
20,20060,Cesar,Bosconia
68,68001,Santander,Bucaramanga
54,54109,Norte de Santander,Bucarasica
76,76109,Valle del Cauca,Buenaventura
63,63111,Quindio,Buenavista
70,70110,Sucre,Buenavista
27,27245,Chocó,El Carmen de Atrato
76,76113,Valle del Cauca,Bugalagrande
25,25120,Cundinamarca,Cabrera
68,68121,Santander,Cabrera
50,50124,Meta,Cabuyaro
25,25123,Cundinamarca,Cachipay
05,05125,Antioquia,Caicedo
76,76122,Valle del Cauca,Caicedonia
70,70124,Sucre,Caimito
73,73124,Tolima,Cajamarca
95,95015,Guaviare,Calamar
05,05129,Antioquia,Caldas
19,19137,Cauca,Caldono
76,76001,Valle del Cauca,Cali
68,68132,Santander,California
76,76126,Valle del Cauca,Calima
19,19142,Cauca,Caloto
05,05134,Antioquia,Campamento
15,15740,Boyacá,Siachoque
41,41132,Huila,Campoalegre
76,76130,Valle del Cauca,Candelaria
52,52352,Nariño,Iles
68,68147,Santander,Capitanejo
05,05145,Antioquia,Caramanta
05,05147,Antioquia,Carepa
68,68101,Santander,Bolívar
05,05197,Antioquia,Cocorná
27,27077,Chocó,Bajo Baudó
05,05150,Antioquia,Carolina
76,76100,Valle del Cauca,Bolívar
15,15638,Boyacá,Sáchica
76,76147,Valle del Cauca,Cartago
73,73152,Tolima,Casabianca
19,19780,Cauca,Suárez
05,05154,Antioquia,Caucasia
68,68162,Santander,Cerrito
52,52051,Nariño,Arboleda
73,73168,Tolima,Chaparral
68,68169,Santander,Charta
68,68176,Santander,Chima
20,20175,Cesar,Chimichagua
25,25178,Cundinamarca,Chipaque
47,47170,Magdalena,Chivolo
13,13458,Bolívar,Montecristo
68,68190,Santander,Cimitarra
63,63190,Quindio,Circasia
05,05190,Antioquia,Cisneros
41,41807,Huila,Timaná
73,73200,Tolima,Coello
25,25200,Cundinamarca,Cogua
41,41206,Huila,Colombia
70,70204,Sucre,Coloso
05,05209,Antioquia,Concordia
47,47205,Magdalena,Concordia
68,68209,Santander,Confines
27,27615,Chocó,Riosucio
05,05212,Antioquia,Copacabana
19,19212,Cauca,Corinto
68,68217,Santander,Coromoro
70,70215,Sucre,Corozal
25,25214,Cundinamarca,Cota
73,73217,Tolima,Coyaima
85,85139,Casanare,Maní
54,54223,Norte de Santander,Cucutilla
50,50226,Meta,Cumaral
99,99773,Vichada,Cumaribo
73,73226,Tolima,Cunday
05,05234,Antioquia,Dabeiba
76,76233,Valle del Cauca,Dagua
44,44090,La Guajira,Dibulla
73,73236,Tolima,Dolores
66,66170,Risaralda,Dosquebradas
54,54239,Norte de Santander,Durania
15,15686,Boyacá,Santana
05,05809,Antioquia,Titiribí
15,15464,Boyacá,Mongua
05,05885,Antioquia,Yalí
05,05858,Antioquia,Vegachí
23,23570,Córdoba,Pueblo Nuevo
52,52835,Nariño,San Andrés de Tumaco
05,05364,Antioquia,Jardín
25,25053,Cundinamarca,Arbeláez
76,76616,Valle del Cauca,Riofrío
25,25871,Cundinamarca,Villagómez
25,25777,Cundinamarca,Supatá
13,13673,Bolívar,Santa Catalina
05,05480,Antioquia,Mutatá
68,68324,Santander,Guavatá
25,25269,Cundinamarca,Facatativá
18,18592,Caquetá,Puerto Rico
27,27491,Chocó,Nóvita
08,08436,Atlántico,Manatí
52,52480,Nariño,Nariño
15,15693,Boyacá,Santa Rosa de Viterbo
13,13006,Bolívar,Achí
52,52560,Nariño,Potosí
05,05679,Antioquia,Santa Bárbara
27,27073,Chocó,Bagadó
15,15759,Boyacá,Sogamoso
05,05264,Antioquia,Entrerríos
15,15185,Boyacá,Chitaraque
13,13160,Bolívar,Cantagallo
15,15790,Boyacá,Tasco
52,52256,Nariño,El Rosario
68,68235,Santander,El Carmen de Chucurí
66,66045,Risaralda,Apía
52,52786,Nariño,Taminango
68,68720,Santander,Santa Helena del Opón
52,52320,Nariño,Guaitarilla
25,25151,Cundinamarca,Cáqueza
08,08573,Atlántico,Puerto Colombia
15,15276,Boyacá,Floresta
94,94663,Guainía,Mapiripana
15,15248,Boyacá,El Espino
63,63130,Quindio,Calarcá
15,15204,Boyacá,Cómbita
08,08558,Atlántico,Polonuevo
47,47058,Magdalena,Ariguaní
68,68264,Santander,Encino
68,68266,Santander,Enciso
05,05266,Antioquia,Envigado
73,73268,Tolima,Espinal
73,73270,Tolima,Falan
17,17272,Caldas,Filadelfia
63,63272,Quindio,Filandia
73,73275,Tolima,Flandes
19,19290,Cauca,Florencia
76,76275,Valle del Cauca,Florida
68,68276,Santander,Floridablanca
44,44279,La Guajira,Fonseca
81,81300,Arauca,Fortul
25,25281,Cundinamarca,Fosca
15,15212,Boyacá,Coper
05,05282,Antioquia,Fredonia
73,73283,Tolima,Fresno
05,05284,Antioquia,Frontino
27,27025,Chocó,Alto Baudó
25,25286,Cundinamarca,Funza
70,70235,Sucre,Galeras
25,25299,Cundinamarca,Gama
20,20295,Cesar,Gamarra
41,41306,Huila,Gigante
76,76306,Valle del Cauca,Ginebra
05,05306,Antioquia,Giraldo
25,25307,Cundinamarca,Girardot
05,05308,Antioquia,Girardota
15,15317,Boyacá,Guacamayas
54,54313,Norte de Santander,Gramalote
05,05313,Antioquia,Granada
25,25312,Cundinamarca,Granada
50,50313,Meta,Granada
68,68318,Santander,Guaca
08,08560,Atlántico,Ponedera
05,05315,Antioquia,Guadalupe
41,41319,Huila,Guadalupe
68,68320,Santander,Guadalupe
25,25320,Cundinamarca,Guaduas
47,47318,Magdalena,Guamal
50,50318,Meta,Guamal
73,73319,Tolima,Guamo
52,52565,Nariño,Providencia
70,70265,Sucre,Guaranda
05,05318,Antioquia,Guarne
25,25322,Cundinamarca,Guasca
25,25326,Cundinamarca,Guatavita
27,27135,Chocó,El Cantón San Pablo
25,25335,Cundinamarca,Guayabetal
15,15092,Boyacá,Betéitiva
68,68344,Santander,Hato
76,76364,Valle del Cauca,Jamundí
44,44378,La Guajira,Hatonuevo
05,05347,Antioquia,Heliconia
73,73347,Tolima,Herveo
05,05353,Antioquia,Hispania
41,41349,Huila,Hobo
73,73349,Tolima,Honda
73,73352,Tolima,Icononzo
41,41359,Huila,Isnos
05,05361,Antioquia,Ituango
27,27006,Chocó,Acandí
19,19693,Cauca,San Sebastián
15,15368,Boyacá,Jericó
97,97511,Vaupés,Pacoa
15,15226,Boyacá,Cuítiva
94,94887,Guainía,Pana Pana
05,05044,Antioquia,Anzá
97,97889,Vaupés,Yavaraté
52,52473,Nariño,Mosquera
27,27075,Chocó,Bahía Solano
15,15820,Boyacá,Tópaga
52,52418,Nariño,Los Andes
73,73408,Tolima,Lérida
15,15377,Boyacá,Labranzagrande
23,23466,Córdoba,Montelíbano
68,68298,Santander,Gámbita
25,25580,Cundinamarca,Pulí
23,23580,Córdoba,Puerto Libertador
05,05237,Antioquia,Donmatías
05,05756,Antioquia,Sonsón
97,97161,Vaupés,Carurú
15,15664,Boyacá,San José de Pare
23,23670,Córdoba,San Andrés de Sotavento
23,23001,Córdoba,Montería
27,27099,Chocó,Bojayá
52,52323,Nariño,Gualmatán
05,05040,Antioquia,Anorí
52,52411,Nariño,Linares
88,88001,Archipiélago de San Andrés Providencia y Santa Catalina,San Andrés
25,25258,Cundinamarca,El Peñón
27,27495,Chocó,Nuquí
52,52520,Nariño,Francisco Pizarro
99,99001,Vichada,Puerto Carreño
08,08137,Atlántico,Campo de la Cruz
23,23807,Córdoba,Tierralta
52,52079,Nariño,Barbacoas
08,08421,Atlántico,Luruaco
52,52385,Nariño,La Llanada
15,15238,Boyacá,Duitama
13,13490,Bolívar,Norosí
25,25181,Cundinamarca,Choachí
18,18094,Caquetá,Belén de los Andaquíes
23,23068,Córdoba,Ayapel
13,13650,Bolívar,San Fernando
15,15183,Boyacá,Chita
05,05142,Antioquia,Caracolí
94,94888,Guainía,Morichal
18,18205,Caquetá,Curillo
20,20228,Cesar,Curumaní
54,54377,Norte de Santander,Labateca
68,68406,Santander,Lebrija
25,25407,Cundinamarca,Lenguazaque
91,91001,Amazonas,Leticia
05,05411,Antioquia,Liborina
52,52110,Nariño,Buesaco
15,15511,Boyacá,Pachavita
68,68669,Santander,San Andrés
52,52207,Nariño,Consacá
20,20310,Cesar,González
15,15469,Boyacá,Moniquirá
54,54418,Norte de Santander,Lourdes
68,68425,Santander,Macaravita
05,05425,Antioquia,Maceo
25,25430,Cundinamarca,Madrid
44,44430,La Guajira,Maicao
70,70429,Sucre,Majagual
44,44560,La Guajira,Manaure
23,23162,Córdoba,Cereté
17,17001,Caldas,Manizales
25,25436,Cundinamarca,Manta
17,17433,Caldas,Manzanares
19,19809,Cauca,Timbiquí
05,05440,Antioquia,Marinilla
17,17442,Caldas,Marmato
17,17444,Caldas,Marquetalia
66,66440,Risaralda,Marsella
17,17446,Caldas,Marulanda
68,68444,Santander,Matanza
25,25438,Cundinamarca,Medina
18,18785,Caquetá,Solita
95,95001,Guaviare,San José del Guaviare
25,25740,Cundinamarca,Sibaté
73,73449,Tolima,Melgar
19,19450,Cauca,Mercaderes
50,50330,Meta,Mesetas
95,95200,Guaviare,Miraflores
19,19455,Cauca,Miranda
05,05042,Antioquia,Santa Fé de Antioquia
86,86001,Putumayo,Mocoa
68,68464,Santander,Mogotes
68,68468,Santander,Molagavita
05,05467,Antioquia,Montebello
63,63470,Quindio,Montenegro
85,85162,Casanare,Monterrey
19,19473,Cauca,Morales
70,70473,Sucre,Morroa
25,25473,Cundinamarca,Mosquera
73,73461,Tolima,Murillo
54,54480,Norte de Santander,Mutiscua
73,73483,Tolima,Natagaima
17,17486,Caldas,Neira
41,41001,Huila,Neiva
25,25488,Cundinamarca,Nilo
25,25489,Cundinamarca,Nimaima
25,25491,Cundinamarca,Nocaima
17,17495,Caldas,Norcasia
25,25851,Cundinamarca,Útica
13,13836,Bolívar,Turbaco
76,76497,Valle del Cauca,Obando
68,68498,Santander,Ocamonte
68,68500,Santander,Oiba
05,05501,Antioquia,Olaya
13,13052,Bolívar,Arjona
68,68502,Santander,Onzaga
41,41503,Huila,Oporapa
86,86320,Putumayo,Orito
73,73504,Tolima,Ortega
70,70508,Sucre,Ovejas
25,25513,Cundinamarca,Pacho
19,19513,Cauca,Padilla
41,41518,Huila,Paicol
20,20517,Cesar,Pailitas
25,25518,Cundinamarca,Paime
41,41524,Huila,Palermo
17,17524,Caldas,Palestina
41,41530,Huila,Palestina
18,18247,Caquetá,El Doncello
15,15516,Boyacá,Paipa
13,13140,Bolívar,Calamar
15,15533,Boyacá,Paya
19,19001,Cauca,Popayán
76,76036,Valle del Cauca,Andalucía
85,85400,Casanare,Támara
15,15774,Boyacá,Susacón
23,23574,Córdoba,Puerto Escondido
19,19824,Cauca,Totoró
54,54172,Norte de Santander,Chinácota
18,18460,Caquetá,Milán
19,19585,Cauca,Puracé
52,52203,Nariño,Colón
05,05790,Antioquia,Tarazá
15,15646,Boyacá,Samacá
19,19300,Cauca,Guachené
13,13810,Bolívar,Tiquisio
41,41357,Huila,Íquira
25,25293,Cundinamarca,Gachalá
73,73043,Tolima,Anzoátegui
91,91540,Amazonas,Puerto Nariño
52,52621,Nariño,Roberto Payán
68,68861,Santander,Vélez
15,15507,Boyacá,Otanche
08,08296,Atlántico,Galapa
13,13894,Bolívar,Zambrano
05,05045,Antioquia,Apartadó
76,76020,Valle del Cauca,Alcalá
27,27001,Chocó,Quibdó
52,52405,Nariño,Leiva
68,68432,Santander,Málaga
15,15403,Boyacá,La Uvita
68,68370,Santander,Jordán
13,13074,Bolívar,Barranco de Loba
15,15480,Boyacá,Muzo
25,25823,Cundinamarca,Topaipí
54,54344,Norte de Santander,Hacarí
86,86571,Putumayo,Puerto Guzmán
15,15599,Boyacá,Ramiriquí
15,15757,Boyacá,Socha
68,68522,Santander,Palmar
27,27250,Chocó,El Litoral San Juan
25,25839,Cundinamarca,Ubalá
76,76520,Valle del Cauca,Palmira
70,70523,Sucre,Palmito
73,73520,Tolima,Palocabildo
54,54518,Norte de Santander,Pamplona
54,54520,Norte de Santander,Pamplonita
76,76834,Valle del Cauca,Tuluá
25,25524,Cundinamarca,Pandi
25,25530,Cundinamarca,Paratebueno
25,25535,Cundinamarca,Pasca
11,11001,Bogotá d C.,Bogotá D.C.
68,68780,Santander,Suratá
47,47541,Magdalena,Pedraza
20,20550,Cesar,Pelaya
17,17541,Caldas,Pensilvania
05,05543,Antioquia,Peque
66,66001,Risaralda,Pereira
19,19533,Cauca,Piamonte
68,68547,Santander,Piedecuesta
73,73547,Tolima,Piedras
63,63548,Quindio,Pijao
05,05541,Antioquia,Peñol
68,68549,Santander,Pinchote
41,41548,Huila,Pital
41,41551,Huila,Pitalito
47,47551,Magdalena,Pivijay
73,73555,Tolima,Planadas
73,73585,Tolima,Purificación
47,47555,Magdalena,Plato
85,85263,Casanare,Pore
76,76563,Valle del Cauca,Pradera
73,73563,Tolima,Prado
68,68211,Santander,Contratación
27,27600,Chocó,Río Quito
08,08549,Atlántico,Piojó
05,05576,Antioquia,Pueblorrico
47,47570,Magdalena,Puebloviejo
15,15001,Boyacá,Tunja
05,05873,Antioquia,Vigía del Fuerte
25,25317,Cundinamarca,Guachetá
68,68689,Santander,San Vicente de Chucurí
25,25899,Cundinamarca,Zipaquirá
15,15816,Boyacá,Togüí
52,52696,Nariño,Santa Bárbara
52,52356,Nariño,Ipiales
52,52227,Nariño,Cumbal
13,13433,Bolívar,Mahates
47,47545,Magdalena,Pijiño del Carmen
15,15806,Boyacá,Tibasosa
25,25324,Cundinamarca,Guataquí
08,08606,Atlántico,Repelón
15,15131,Boyacá,Caldas
13,13600,Bolívar,Río Viejo
20,20178,Cesar,Chiriguaná
52,52001,Nariño,Pasto
15,15332,Boyacá,Güicán
13,13744,Bolívar,Simití
15,15839,Boyacá,Tutazá
05,05004,Antioquia,Abriaquí
52,52885,Nariño,Yacuanquer
70,70742,Sucre,San Luis de Sincé
15,15673,Boyacá,San Mateo
05,05475,Antioquia,Murindó
47,47960,Magdalena,Zapayán
15,15476,Boyacá,Motavita
15,15810,Boyacá,Tipacoque
88,88564,Archipiélago de San Andrés Providencia y Santa Catalina,Providencia
52,52381,Nariño,La Florida
13,13222,Bolívar,Clemencia
25,25592,Cundinamarca,Quebradanegra
25,25594,Cundinamarca,Quetame
63,63594,Quindio,Quimbaya
25,25596,Cundinamarca,Quipile
54,54599,Norte de Santander,Ragonvalia
85,85279,Casanare,Recetor
05,05604,Antioquia,Remedios
47,47605,Magdalena,Remolino
50,50606,Meta,Restrepo
76,76606,Valle del Cauca,Restrepo
05,05607,Antioquia,Retiro
25,25612,Cundinamarca,Ricaurte
91,91460,Amazonas,Mirití Paraná
27,27810,Chocó,Unión Panamericana
15,15660,Boyacá,San Eduardo
52,52260,Nariño,El Tambo
73,73616,Tolima,Rioblanco
44,44001,La Guajira,Riohacha
05,05615,Antioquia,Rionegro
68,68615,Santander,Rionegro
17,17614,Caldas,Riosucio
17,17616,Caldas,Risaralda
41,41615,Huila,Rivera
70,70221,Sucre,Coveñas
76,76622,Valle del Cauca,Roldanillo
73,73622,Tolima,Roncesvalles
19,19622,Cauca,Rosas
73,73624,Tolima,Rovira
05,05030,Antioquia,Amagá
05,05628,Antioquia,Sabanalarga
85,85300,Casanare,Sabanalarga
41,41298,Huila,Garzón
05,05631,Antioquia,Sabaneta
41,41660,Huila,Saladoblanco
17,17653,Caldas,Salamina
47,47675,Magdalena,Salamina
54,54660,Norte de Santander,Salazar
63,63690,Quindio,Salento
05,05642,Antioquia,Salgar
23,23672,Córdoba,San Antero
27,27425,Chocó,Medio Atrato
44,44098,La Guajira,Distracción
13,13647,Bolívar,San Estanislao
25,25148,Cundinamarca,Caparrapí
23,23586,Córdoba,Purísima de la Concepción
27,27361,Chocó,Istmina
52,52210,Nariño,Contadero
15,15425,Boyacá,Macanal
25,25368,Cundinamarca,Jerusalén
66,66594,Risaralda,Quinchía
25,25224,Cundinamarca,Cucunubá
25,25288,Cundinamarca,Fúquene
15,15723,Boyacá,Sativasur
25,25279,Cundinamarca,Fómeque
52,52354,Nariño,Imués
68,68682,Santander,San Joaquín
54,54498,Norte de Santander,Ocaña
86,86568,Putumayo,Puerto Asís
76,76318,Valle del Cauca,Guacarí
15,15676,Boyacá,San Miguel de Sema
70,70820,Sucre,Santiago de Tolú
68,68368,Santander,Jesús María
70,70400,Sucre,La Unión
68,68160,Santander,Cepitá
15,15832,Boyacá,Tununguá
05,05656,Antioquia,San Jerónimo
13,13670,Bolívar,San Pablo
25,25426,Cundinamarca,Machetá
23,23168,Córdoba,Chimá
19,19355,Cauca,Inzá
52,52378,Nariño,La Cruz
15,15753,Boyacá,Soatá
05,05368,Antioquia,Jericó
19,19130,Cauca,Cajibío
15,15494,Boyacá,Nuevo Colón
54,54125,Norte de Santander,Cácota
15,15187,Boyacá,Chivatá
91,91530,Amazonas,Puerto Alegría
05,05206,Antioquia,Concepción
94,94884,Guainía,Puerto Colombia
13,13188,Bolívar,Cicuco
25,25168,Cundinamarca,Chaguaní
68,68207,Santander,Concepción
86,86885,Putumayo,Villagarzón
13,13838,Bolívar,Turbaná
15,15162,Boyacá,Cerinza
41,41885,Huila,Yaguará
13,13549,Bolívar,Pinillos
23,23419,Córdoba,Los Córdobas
68,68322,Santander,Guapotá
19,19517,Cauca,Páez
15,15879,Boyacá,Viracachá
15,15835,Boyacá,Turmequé
05,05120,Antioquia,Cáceres
52,52254,Nariño,El Peñol
23,23090,Córdoba,Canalete
05,05400,Antioquia,La Unión
68,68271,Santander,Florián
05,05659,Antioquia,San Juan de Urabá
23,23660,Córdoba,Sahagún
08,08141,Atlántico,Candelaria
15,15632,Boyacá,Saboyá
52,52022,Nariño,Aldana
25,25295,Cundinamarca,Gachancipá
05,05101,Antioquia,Ciudad Bolívar
17,17665,Caldas,San José
52,52720,Nariño,Sapuyes
15,15897,Boyacá,Zetaquira
15,15696,Boyacá,Santa Sofía
70,70230,Sucre,Chalán
41,41668,Huila,San Agustín
52,52490,Nariño,Olaya Herrera
05,05360,Antioquia,Itagüí
15,15537,Boyacá,Paz de Río
15,15407,Boyacá,Villa de Leyva
50,50568,Meta,Puerto Gaitán
15,15531,Boyacá,Pauna
52,52694,Nariño,San Pedro de Cartago
68,68307,Santander,Girón
47,47258,Magdalena,El Piñón
15,15500,Boyacá,Oicatá
08,08078,Atlántico,Baranoa
27,27372,Chocó,Juradó
41,41483,Huila,Nátaga
15,15232,Boyacá,Chíquiza
08,08832,Atlántico,Tubará
25,25183,Cundinamarca,Chocontá
54,54347,Norte de Santander,Herrán
94,94001,Guainía,Inírida
15,15798,Boyacá,Tenza
23,23855,Córdoba,Valencia
13,13062,Bolívar,Arroyohondo
27,27050,Chocó,Atrato
27,27160,Chocó,Cértegui
15,15804,Boyacá,Tibaná
27,27430,Chocó,Medio Baudó
50,50110,Meta,Barranca de Upía
25,25817,Cundinamarca,Tocancipá
13,13760,Bolívar,Soplaviento
52,52683,Nariño,Sandoná
15,15172,Boyacá,Chinavita
52,52036,Nariño,Ancuyá
52,52573,Nariño,Puerres
15,15681,Boyacá,San Pablo de Borbur
15,15491,Boyacá,Nobsa
54,54001,Norte de Santander,Cúcuta
97,97777,Vaupés,Papunaua
15,15621,Boyacá,Rondón
13,13442,Bolívar,María la Baja
54,54680,Norte de Santander,Santiago
86,86760,Putumayo,Santiago
52,52390,Nariño,La Tola
15,15518,Boyacá,Pajarito
66,66456,Risaralda,Mistrató
66,66687,Risaralda,Santuario
81,81736,Arauca,Saravena
54,54720,Norte de Santander,Sardinata
25,25718,Cundinamarca,Sasaima
05,05736,Antioquia,Segovia
76,76736,Valle del Cauca,Sevilla
86,86749,Putumayo,Sibundoy
54,54743,Norte de Santander,Silos
25,25743,Cundinamarca,Silvania
19,19743,Cauca,Silvia
68,68745,Santander,Simacota
25,25745,Cundinamarca,Simijaca
70,70001,Sucre,Sincelejo
47,47745,Magdalena,Sitionuevo
25,25754,Cundinamarca,Soacha
68,68755,Santander,Socorro
19,19760,Cauca,Sotara
68,68770,Santander,Suaita
41,41770,Huila,Suaza
25,25769,Cundinamarca,Subachoque
19,19785,Cauca,Sucre
68,68152,Santander,Carcasí
68,68773,Santander,Sucre
70,70771,Sucre,Sucre
25,25772,Cundinamarca,Suesca
25,25779,Cundinamarca,Susa
25,25781,Cundinamarca,Sutatausa
25,25785,Cundinamarca,Tabio
08,08685,Atlántico,Santo Tomás
20,20787,Cesar,Tamalameque
81,81794,Arauca,Tame
41,41791,Huila,Tarqui
05,05792,Antioquia,Tarso
85,85410,Casanare,Tauramena
25,25793,Cundinamarca,Tausa
41,41799,Huila,Tello
25,25797,Cundinamarca,Tena
47,47798,Magdalena,Tenerife
25,25799,Cundinamarca,Tenjo
54,54800,Norte de Santander,Teorama
41,41801,Huila,Teruel
41,41797,Huila,Tesalia
25,25805,Cundinamarca,Tibacuy
25,25807,Cundinamarca,Tibirita
25,25815,Cundinamarca,Tocaima
05,05819,Antioquia,Toledo
54,54820,Norte de Santander,Toledo
15,15466,Boyacá,Monguí
68,68820,Santander,Tona
76,76823,Valle del Cauca,Toro
85,85430,Casanare,Trinidad
76,76828,Valle del Cauca,Trujillo
05,05837,Antioquia,Turbo
25,25841,Cundinamarca,Ubaque
76,76845,Valle del Cauca,Ulloa
25,25845,Cundinamarca,Une
05,05036,Antioquia,Angelópolis
52,52699,Nariño,Santacruz
52,52083,Nariño,Belén
63,63302,Quindio,Génova
05,05483,Antioquia,Nariño
08,08372,Atlántico,Juan de Acosta
23,23686,Córdoba,San Pelayo
18,18860,Caquetá,Valparaíso
50,50400,Meta,Lejanías
81,81591,Arauca,Puerto Rondón
05,05001,Antioquia,Medellín
25,25878,Cundinamarca,Viotá
76,76400,Valle del Cauca,La Unión
15,15763,Boyacá,Sotaquirá
15,15299,Boyacá,Garagoa
13,13001,Bolívar,Cartagena de Indias
85,85015,Casanare,Chámeza
73,73148,Tolima,Carmen de Apicalá
50,50689,Meta,San Martín
25,25898,Cundinamarca,Zipacón
13,13580,Bolívar,Regidor
68,68250,Santander,El Peñón
15,15215,Boyacá,Corrales
25,25398,Cundinamarca,La Peña
25,25086,Cundinamarca,Beltrán
05,05113,Antioquia,Buriticá
23,23815,Córdoba,Tuchín
15,15367,Boyacá,Jenesano
15,15325,Boyacá,Guayatá
08,08520,Atlántico,Palmar de Varela
15,15244,Boyacá,El Cocuy
13,13440,Bolívar,Margarita
25,25736,Cundinamarca,Sesquilé
05,05761,Antioquia,Sopetrán
15,15401,Boyacá,La Victoria
20,20013,Cesar,Agustín Codazzi
15,15572,Boyacá,Puerto Boyacá
25,25297,Cundinamarca,Gachetá
13,13212,Bolívar,Córdoba
47,47692,Magdalena,San Sebastián de Buenavista
66,66088,Risaralda,Belén de Umbría
68,68855,Santander,Valle de San José
18,18150,Caquetá,Cartagena del Chairá
52,52693,Nariño,San Pablo
15,15114,Boyacá,Busbanzá
52,52224,Nariño,Cuaspúd
05,05842,Antioquia,Uramita
50,50370,Meta,Uribe
44,44847,La Guajira,Uribia
05,05847,Antioquia,Urrao
44,44855,La Guajira,Urumita
05,05854,Antioquia,Valdivia
15,15176,Boyacá,Chiquinquirá
25,25328,Cundinamarca,Guayabal de Síquima
13,13657,Bolívar,San Juan Nepomuceno
20,20001,Cesar,Valledupar
73,73861,Tolima,Venadillo
05,05861,Antioquia,Venecia
25,25506,Cundinamarca,Venecia
25,25862,Cundinamarca,Vergara
76,76863,Valle del Cauca,Versalles
68,68867,Santander,Vetas
17,17867,Caldas,Victoria
15,15442,Boyacá,Maripí
76,76869,Valle del Cauca,Vijes
05,05495,Antioquia,Nechí
13,13473,Bolívar,Morales
05,05893,Antioquia,Yondó
52,52585,Nariño,Pupiales
19,19845,Cauca,Villa rica
73,73870,Tolima,Villahermosa
85,85440,Casanare,Villanueva
44,44874,La Guajira,Villanueva
68,68872,Santander,Villanueva
73,73873,Tolima,Villarrica
50,50001,Meta,Villavicencio
41,41872,Huila,Villavieja
25,25875,Cundinamarca,Villeta
50,50711,Meta,Vistahermosa
17,17877,Caldas,Viterbo
05,05887,Antioquia,Yarumal
85,85001,Casanare,Yopal
76,76890,Valle del Cauca,Yotoco
76,76892,Valle del Cauca,Yumbo
68,68895,Santander,Zapatoca
05,05895,Antioquia,Zaragoza
76,76895,Valle del Cauca,Zarzal
73,73671,Tolima,Saldaña
25,25658,Cundinamarca,San Francisco
50,50450,Meta,Puerto Concordia
70,70678,Sucre,San Benito abad
19,19807,Cauca,Timbío
66,66682,Risaralda,Santa Rosa de Cabal
15,15778,Boyacá,Sutatenza
73,73854,Tolima,Valle de San Juan
25,25386,Cundinamarca,La Mesa
20,20570,Cesar,Pueblo Bello
05,05649,Antioquia,San Carlos
25,25572,Cundinamarca,Puerto Salgar
76,76403,Valle del Cauca,La Victoria
47,47707,Magdalena,Santa Ana
63,63401,Quindio,La Tebaida
25,25645,Cundinamarca,San Antonio del Tequendama
41,41396,Huila,La Plata
19,19397,Cauca,La Vega
85,85136,Casanare,La Salina
19,19573,Cauca,Puerto Tejada
68,68575,Santander,Puerto Wilches
25,25649,Cundinamarca,San Bernardo
68,68572,Santander,Puente Nacional
25,25394,Cundinamarca,La Palma
85,85125,Casanare,Hato Corozal
68,68418,Santander,Los Santos
54,54553,Norte de Santander,Puerto Santander
05,05690,Antioquia,Santo Domingo
54,54670,Norte de Santander,San Calixto
68,68377,Santander,La Belleza
20,20710,Cesar,San Alberto
68,68573,Santander,Puerto Parra
25,25653,Cundinamarca,San Cayetano
47,47001,Magdalena,Santa Marta
99,99524,Vichada,La Primavera
73,73686,Tolima,Santa Isabel
76,76670,Valle del Cauca,San Pedro
05,05591,Antioquia,Puerto Triunfo
68,68679,Santander,San Gil
86,86569,Putumayo,Puerto Caicedo
05,05670,Antioquia,San Roque
05,05789,Antioquia,Támesis
23,23555,Córdoba,Planeta Rica
15,15090,Boyacá,Berbeo
08,08849,Atlántico,Usiacurí
27,27413,Chocó,Lloró
08,08638,Atlántico,Sabanalarga
05,05321,Antioquia,Guatapé
70,70823,Sucre,Tolú Viejo
25,25843,Cundinamarca,Villa de de Ubaté
52,52399,Nariño,La Unión
18,18753,Caquetá,San Vicente del Caguán
08,08770,Atlántico,Suan
13,13780,Bolívar,Talaigua Nuevo
13,13300,Bolívar,Hatillo de Loba
52,52678,Nariño,Samaniego
41,41676,Huila,Santa María
54,54003,Norte de Santander,Ábrego
17,17777,Caldas,Supía
25,25372,Cundinamarca,Junín
68,68167,Santander,Charalá
13,13244,Bolívar,El Carmen de Bolívar
18,18410,Caquetá,La Montañita
25,25873,Cundinamarca,Villapinzón
27,27150,Chocó,Carmen del Darién
08,08001,Atlántico,Barranquilla
52,52838,Nariño,Túquerres
15,15808,Boyacá,Tinjacá
15,15380,Boyacá,La Capilla
27,27450,Chocó,Medio San Juan
18,18001,Caquetá,Florencia
15,15180,Boyacá,Chiscas
68,68255,Santander,El Playón
23,23675,Córdoba,San Bernardo del Viento
15,15667,Boyacá,San Luis de Gaceno
25,25758,Cundinamarca,Sopó
05,05138,Antioquia,Cañasgordas
25,25885,Cundinamarca,Yacopí
73,73770,Tolima,Suárez
05,05579,Antioquia,Puerto Berrío
19,19364,Cauca,Jambaló
05,05652,Antioquia,San Francisco
05,05660,Antioquia,San Luis
70,70717,Sucre,San Pedro
73,73675,Tolima,San Antonio
54,54385,Norte de Santander,La Esperanza
91,91536,Amazonas,Puerto Arica
50,50150,Meta,Castilla la Nueva
19,19698,Cauca,Santander de Quilichao
05,05390,Antioquia,La Pintada
25,25154,Cundinamarca,Carmen de Carupa
66,66400,Risaralda,La Virginia
68,68673,Santander,San Benito
05,05585,Antioquia,Puerto Nare
70,70708,Sucre,San Marcos
54,54398,Norte de Santander,La Playa
91,91669,Amazonas,Puerto Santander
15,15189,Boyacá,Ciénega
44,44420,La Guajira,La Jagua del Pilar
20,20383,Cesar,La Gloria
73,73678,Tolima,San Luis
68,68179,Santander,Chipatá
91,91407,Amazonas,La Pedrera
05,05667,Antioquia,San Rafael
91,91405,Amazonas,La Chorrera
19,19701,Cauca,Santa Rosa
25,25662,Cundinamarca,San Juan de Rioseco
47,47980,Magdalena,Zona Bananera
76,76377,Valle del Cauca,La Cumbre
68,68397,Santander,La Paz
17,17380,Caldas,La Dorada
20,20400,Cesar,La Jagua de Ibirico
66,66572,Risaralda,Pueblo Rico
70,70418,Sucre,Los Palmitos
66,66383,Risaralda,La Celia
50,50350,Meta,La Macarena
47,47161,Magdalena,Cerro de San Antonio
17,17662,Caldas,Samaná
86,86755,Putumayo,San Francisco
15,15842,Boyacá,Úmbita
13,13620,Bolívar,San Cristóbal
27,27580,Chocó,Río Iró
08,08433,Atlántico,Malambo
13,13042,Bolívar,Arenal
54,54206,Norte de Santander,Convención
15,15580,Boyacá,Quípama
25,25099,Cundinamarca,Bojacá
15,15236,Boyacá,Chivor
23,23464,Córdoba,Momil
50,50006,Meta,Acacías
05,05490,Antioquia,Necoclí
23,23500,Córdoba,Moñitos
52,52258,Nariño,El Tablón de Gómez
23,23189,Córdoba,Ciénaga de Oro
50,50325,Meta,Mapiripán
13,13468,Bolívar,Mompós
15,15224,Boyacá,Cucaita
23,23417,Córdoba,Lorica
68,68684,Santander,San José de Miranda
15,15542,Boyacá,Pesca
52,52240,Nariño,Chachagüí
08,08675,Atlántico,Santa Lucía
73,73411,Tolima,Líbano
85,85225,Casanare,Nunchía
13,13030,Bolívar,Altos del Rosario
68,68705,Santander,Santa Bárbara
23,23079,Córdoba,Buenavista
52,52612,Nariño,Ricaurte
94,94885,Guainía,La Guadalupe
41,41244,Huila,Elías
52,52540,Nariño,Policarpa
25,25339,Cundinamarca,Gutiérrez
47,47703,Magdalena,San Zenón
52,52687,Nariño,San Lorenzo
15,15087,Boyacá,Belén
19,19548,Cauca,Piendamó
15,15272,Boyacá,Firavitoba
27,27800,Chocó,Unguía
15,15550,Boyacá,Pisba
85,85325,Casanare,San Luis de Palenque
18,18610,Caquetá,San José del Fragua
70,70713,Sucre,San Onofre
25,25402,Cundinamarca,La Vega
86,86757,Putumayo,San Miguel
50,50686,Meta,San Juanito
47,47460,Magdalena,Nueva Granada
05,05686,Antioquia,Santa Rosa de Osos
05,05664,Antioquia,San Pedro los Milagros
05,05674,Antioquia,San Vicente Ferrer
81,81220,Arauca,Cravo Norte
19,19392,Cauca,La Sierra
54,54673,Norte de Santander,San Cayetano
05,05376,Antioquia,La Ceja
17,17388,Caldas,La Merced
23,23350,Córdoba,La Apartada
54,54871,Norte de Santander,Villa Caro
05,05380,Antioquia,La Estrella
44,44650,La Guajira,San Juan del Cesar
68,68655,Santander,Sabana de Torres
41,41378,Huila,La Argentina
91,91430,Amazonas,La Victoria
70,70702,Sucre,San Juan de Betulia
19,19110,Cauca,Buenos Aires
50,50590,Meta,Puerto Rico
47,47660,Magdalena,Sabanas de San Ángel
15,15109,Boyacá,Buenavista
66,66318,Risaralda,Guática
68,68533,Santander,Páramo
15,15764,Boyacá,Soracá
15,15218,Boyacá,Covarachía
23,23182,Córdoba,Chinú
15,15837,Boyacá,Tuta
19,19532,Cauca,Patía
91,91798,Amazonas,Tarapacá
15,15455,Boyacá,Miraflores
15,15051,Boyacá,Arcabuco
97,97001,Vaupés,Mitú
52,52685,Nariño,San Bernardo
17,17174,Caldas,Chinchiná
15,15861,Boyacá,Ventaquemada
23,23678,Córdoba,San Carlos
15,15106,Boyacá,Briceño
08,08634,Atlántico,Sabanagrande
52,52019,Nariño,Albán
86,86573,Putumayo,Puerto Leguízamo
52,52233,Nariño,Cumbitara
25,25175,Cundinamarca,Chía
13,13654,Bolívar,San Jacinto
54,54128,Norte de Santander,Cáchira
25,25290,Cundinamarca,Fusagasugá
05,05240,Antioquia,Ebéjico
25,25019,Cundinamarca,Albán
17,17513,Caldas,Pácora
68,68327,Santander,Güepsa
13,13688,Bolívar,Santa Rosa del Sur
05,05890,Antioquia,Yolombó
15,15822,Boyacá,Tota
73,73443,Tolima,San Sebastián de Mariquita
20,20614,Cesar,Río de Oro
15,15362,Boyacá,Iza
15,15223,Boyacá,Cubará
19,19821,Cauca,Toribío
13,13873,Bolívar,Villanueva
52,52287,Nariño,Funes
15,15293,Boyacá,Gachantivá
15,15522,Boyacá,Panqueba
63,63212,Quindio,Córdoba
94,94883,Guainía,San Felipe
25,25483,Cundinamarca,Nariño
05,05021,Antioquia,Alejandría
25,25126,Cundinamarca,Cajicá
52,52250,Nariño,El Charco
47,47189,Magdalena,Ciénaga
68,68385,Santander,Landázuri
85,85230,Casanare,Orocué
15,15022,Boyacá,Almeida
86,86219,Putumayo,Colón
25,25377,Cundinamarca,La Calera
76,76111,Valle del Cauca,Guadalajara de Buga
20,20621,Cesar,La Paz
50,50223,Meta,San Luis de Cubarral
50,50577,Meta,Puerto Lleras
86,86865,Putumayo,Valle del Guamuez
50,50287,Meta,Fuente de Oro
68,68524,Santander,Palmas del Socorro
50,50683,Meta,San Juan de Arama
20,20750,Cesar,San Diego
54,54405,Norte de Santander,Los Patios
68,68686,Santander,San Miguel
50,50680,Meta,San Carlos de Guaroa
54,54874,Norte de Santander,Villa del Rosario
85,85250,Casanare,Paz de Ariporo
50,50270,Meta,El Dorado
47,47245,Magdalena,El Banco
54,54245,Norte de Santander,El Carmen
19,19256,Cauca,El Tambo
70,70233,Sucre,El Roble
54,54250,Norte de Santander,El Tarra
05,05148,Antioquia,El Carmen de Viboral
68,68245,Santander,El Guacamayo
76,76246,Valle del Cauca,El Cairo
95,95025,Guaviare,El Retorno
44,44110,La Guajira,El Molino
54,54261,Norte de Santander,El Zulia
05,05250,Antioquia,El Bagre
05,05697,Antioquia,El Santuario
50,50245,Meta,El Calvario
91,91263,Amazonas,El Encanto
25,25245,Cundinamarca,El Colegio
20,20238,Cesar,El Copey
50,50251,Meta,El Castillo
25,25260,Cundinamarca,El Rosal
25,25001,Cundinamarca,Agua de Dios
76,76250,Valle del Cauca,El Dovio
76,76248,Valle del Cauca,El Cerrito
20,20250,Cesar,El Paso
15,15322,Boyacá,Guateque
05,05107,Antioquia,Briceño
52,52427,Nariño,Magüí
27,27660,Chocó,San José del Palmar
52,52506,Nariño,Ospina
25,25867,Cundinamarca,Vianí
20,20770,Cesar,San Martín
13,13248,Bolívar,El Guamo
05,05310,Antioquia,Gómez Plata
94,94343,Guainía,Barranco Minas
50,50573,Meta,Puerto López
15,15600,Boyacá,Ráquira
13,13667,Bolívar,San Martín de Loba
94,94886,Guainía,Cacahual
52,52317,Nariño,Guachucal
68,68296,Santander,Galán
19,19100,Cauca,Bolívar
15,15135,Boyacá,Campohermoso
13,13268,Bolívar,El Peñón
15,15761,Boyacá,Somondoco
13,13683,Bolívar,Santa Rosa
19,19318,Cauca,Guapí
25,25486,Cundinamarca,Nemocón
05,05856,Antioquia,Valparaíso
27,27205,Chocó,Condoto
15,15047,Boyacá,Aquitania
73,73055,Tolima,Armero 
